radiology_folder_name,subsite,clinical_t,clinical_n,age,gender,treatment,OS,OS_censor,DFS,DFS_censor,DFS_3years,radiology_nodal_status,split
HN1022,,1,0,56,Male,1,106.541589,0,42.27682192,0,0,0,2
HN1029,,1,2,54,Female,1,97.44657534,1,69.9949589,1,0,0,2
HN1054,,2,0,64,Male,1,99.21227397,1,34.94750685,1,0,0,2
HN1079,,3,2,71,Male,1,24.75309589,1,17.72361644,1,1,0,2
HN1088,,4,2,46,Female,2,134.7594521,0,70.49468493,0,0,1,2
HN1117,,4,2,67,Male,1,55.56953425,1,55.56953425,1,0,1,2
